{
  "run_id": "50900a868cd449d892e11a935bf4d606",
  "elapsed_sec": 19822.7,
  "final_loss": 5.192896842956543,
  "final_params": {
    "E_unit": 0.9545562863349915
  },
  "truth": {
    "E_unit": 1.0
  },
  "rel_err": {
    "E_unit": 0.045443713665008545
  },
  "config": {
    "solver_type": "causal",
    "causal_eps_init": 1e-08,
    "causal_eps_anneal": true,
    "causal_eps_max": 100.0,
    "adam_epochs": 50
  }
}